{"name":"Finish the Drawing","short_name":"DrawOff","description":"Daily challenges to finish the drawing!","icons":[{"src":"/static/media/.ico","type":"image/x-icon","sizes":"16x16 32x32"},{"src":"/static/media/icon-192.png","type":"image/png","sizes":"192x192"},{"src":"/static/media/icon-512.png","type":"image/png","sizes":"512x512"},{"src":"/static/media/icon-192-maskable.png","type":"image/png","sizes":"192x192","purpose":"maskable"},{"src":"/static/media/icon-512-maskable.png","type":"image/png","sizes":"512x512","purpose":"maskable"}],"start_url":"/","display":"standalone","theme_color":"#161616","background_color":"#161616"}